;DT_DEMO_Target_Brightness
01.09.2020 03:45;89.1162
01.09.2020 05:45;88.07360178
01.09.2020 07:45;89.86537463
01.09.2020 09:45;88.11419371
01.09.2020 11:45;88.325307
01.09.2020 13:45;87.96130025
01.09.2020 15:45;89.44177491
01.09.2020 17:45;87.57201792
01.09.2020 19:45;86.6236029
01.09.2020 21:45;89.9182237
01.09.2020 23:45;88.01098326
02.09.2020 01:45;88.46583415
02.09.2020 03:45;88.44568196
02.09.2020 05:45;89.92105956
02.09.2020 07:45;90.82739786
02.09.2020 09:45;89.37887101
02.09.2020 11:45;92.48404972
02.09.2020 13:45;92.48075419
02.09.2020 15:45;90.24812991
02.09.2020 17:45;91.28166286
02.09.2020 19:45;88.74223013
02.09.2020 21:45;89.3110714
02.09.2020 23:45;90.3946411
03.09.2020 01:45;91.95843528
03.09.2020 03:45;91.48231347
03.09.2020 05:45;90.45866718
03.09.2020 07:45;93.26234369
03.09.2020 09:45;88.78042243
03.09.2020 11:45;89.14657373
03.09.2020 13:45;91.93686225
03.09.2020 15:45;93.71436198
03.09.2020 17:45;92.57213669
03.09.2020 19:45;91.82557399
03.09.2020 21:45;89.48641053
03.09.2020 23:45;88.46284778
04.09.2020 01:45;86.35162733
04.09.2020 03:45;88.23953001
04.09.2020 05:45;90.84186324
04.09.2020 07:45;89.42215108
04.09.2020 09:45;90.20440989
04.09.2020 11:45;89.08535352
04.09.2020 13:45;89.55308456
04.09.2020 15:45;85.91359682
04.09.2020 17:45;89.22765686
04.09.2020 19:45;91.09673421
04.09.2020 21:45;91.75440971
04.09.2020 23:45;90.73018346
05.09.2020 01:45;92.41050227
05.09.2020 03:45;95.24073901
05.09.2020 05:45;92.59387037
05.09.2020 07:45;90.65585581
05.09.2020 09:45;88.19161592
05.09.2020 11:45;89.94503627
05.09.2020 13:45;85.95244782
05.09.2020 15:45;88.5450627
05.09.2020 17:45;88.52965865
05.09.2020 19:45;88.19214388
05.09.2020 21:45;88.36419286
05.09.2020 23:45;86.59913386
06.09.2020 01:45;90.72089495
06.09.2020 03:45;91.43210443
06.09.2020 05:45;90.00709211
06.09.2020 07:45;92.58045964
06.09.2020 09:45;91.90170727
06.09.2020 11:45;92.70577779
06.09.2020 13:45;90.59528091
06.09.2020 15:45;90.6866867
06.09.2020 17:45;88.82484474
06.09.2020 19:45;87.76652951
06.09.2020 21:45;90.24624289
06.09.2020 23:45;89.97279825
07.09.2020 01:45;89.60076284
07.09.2020 03:45;89.68808744
07.09.2020 05:45;91.87860442
07.09.2020 07:45;90.96633108
07.09.2020 09:45;90.65864776
07.09.2020 11:45;91.10728039
07.09.2020 13:45;87.53305395
07.09.2020 15:45;88.19050079
07.09.2020 17:45;88.79685374
07.09.2020 19:45;87.1391532
07.09.2020 21:45;88.21878077
07.09.2020 23:45;88.84715711
08.09.2020 01:45;88.19209191
08.09.2020 03:45;88.70239776
08.09.2020 05:45;85.98046247
08.09.2020 07:45;85.61125361
08.09.2020 09:45;87.11172204
08.09.2020 11:45;85.28677009
08.09.2020 13:45;87.23032416
08.09.2020 15:45;90.81457653
08.09.2020 17:45;91.18947685
08.09.2020 19:45;90.43919964
08.09.2020 21:45;89.25857807
08.09.2020 23:45;92.30716418
09.09.2020 01:45;88.95468072
09.09.2020 03:45;88.14306839
09.09.2020 05:45;92.05844557
09.09.2020 07:45;89.21015486
09.09.2020 09:45;89.02430388
09.09.2020 11:45;89.64458464
09.09.2020 13:45;90.0546665
09.09.2020 15:45;90.20918717
09.09.2020 17:45;86.27078187
09.09.2020 19:45;88.88612045
09.09.2020 21:45;86.6268983
09.09.2020 23:45;87.00543418
10.09.2020 01:45;87.92881538
10.09.2020 03:45;87.94657785
10.09.2020 05:45;89.72326885
10.09.2020 07:45;92.01475329
10.09.2020 09:45;90.03731984
10.09.2020 11:45;88.49785397
10.09.2020 13:45;85.9974357
10.09.2020 15:45;87.10136169
10.09.2020 17:45;88.4303423
10.09.2020 19:45;90.88103536
10.09.2020 21:45;92.23920954
10.09.2020 23:45;92.45544768
11.09.2020 01:45;91.64939346
11.09.2020 03:45;92.91020191
11.09.2020 05:45;91.86595592
11.09.2020 07:45;91.54740361
11.09.2020 09:45;89.00938081
11.09.2020 11:45;91.44421479
11.09.2020 13:45;93.77681045
11.09.2020 15:45;94.10322433
11.09.2020 17:45;90.12099812
11.09.2020 19:45;91.24458157
11.09.2020 21:45;88.30954961
11.09.2020 23:45;86.72366339
12.09.2020 01:45;85.74741033
12.09.2020 03:45;86.42088945
12.09.2020 05:45;84.87005308
12.09.2020 07:45;85.02203955
12.09.2020 09:45;87.84437506
12.09.2020 11:45;89.58577058
12.09.2020 13:45;86.49988299
12.09.2020 15:45;87.94111196
12.09.2020 17:45;85.02164925
12.09.2020 19:45;84.9782708
12.09.2020 21:45;85.91634045
12.09.2020 23:45;90.63946918
13.09.2020 01:45;92.84024265
13.09.2020 03:45;89.21134188
13.09.2020 05:45;88.05397995
13.09.2020 07:45;86.54283453
13.09.2020 09:45;88.88531629
13.09.2020 11:45;87.81027167
13.09.2020 13:45;87.61361822
13.09.2020 15:45;84.38249057
13.09.2020 17:45;86.32353748
13.09.2020 19:45;89.30820999
13.09.2020 21:45;88.05827447
13.09.2020 23:45;89.20153113
14.09.2020 01:45;91.21037128
14.09.2020 03:45;87.62019714
14.09.2020 05:45;89.04020042
14.09.2020 07:45;86.4555391
14.09.2020 09:45;86.12405411
14.09.2020 11:45;84.63642934
14.09.2020 13:45;87.34364819
14.09.2020 15:45;89.29626195
14.09.2020 17:45;90.83422904
14.09.2020 19:45;91.2906533
14.09.2020 21:45;93.60657756
14.09.2020 23:45;91.8570673
15.09.2020 01:45;90.09563499
15.09.2020 03:45;87.33120359
15.09.2020 05:45;88.6555945
15.09.2020 07:45;90.45286313
15.09.2020 09:45;90.3523921
15.09.2020 11:45;92.01012349
15.09.2020 13:45;88.88392985
15.09.2020 15:45;89.30787659
15.09.2020 17:45;92.64793794
15.09.2020 19:45;93.18470879
15.09.2020 21:45;88.30129792
15.09.2020 23:45;88.94535034
16.09.2020 01:45;90.01904808
16.09.2020 03:45;91.88272142
16.09.2020 05:45;86.81961498
16.09.2020 07:45;85.41767185
16.09.2020 09:45;85.06269749
16.09.2020 11:45;88.90757454
16.09.2020 13:45;87.78801394
16.09.2020 15:45;88.4935927
16.09.2020 17:45;88.07172553
16.09.2020 19:45;90.61684043
16.09.2020 21:45;88.95666048
16.09.2020 23:45;87.5110635
17.09.2020 01:45;86.91334888
17.09.2020 03:45;85.78778838
17.09.2020 05:45;87.09425904
17.09.2020 07:45;84.70877103
17.09.2020 09:45;84.61879159
17.09.2020 11:45;86.91927377
17.09.2020 13:45;89.23588007
17.09.2020 15:45;89.32181796
17.09.2020 17:45;91.36884877
17.09.2020 19:45;89.7630409
17.09.2020 21:45;89.70068247
17.09.2020 23:45;88.55314923
18.09.2020 01:45;88.77985572
18.09.2020 03:45;87.31956129
18.09.2020 05:45;84.06678251
18.09.2020 07:45;86.04853294
18.09.2020 09:45;84.39207155
18.09.2020 11:45;85.98001064
18.09.2020 13:45;87.83780171
18.09.2020 15:45;89.46169491
18.09.2020 17:45;89.07024882
18.09.2020 19:45;89.1643158
18.09.2020 21:45;87.9247634
18.09.2020 23:45;90.75388279
19.09.2020 01:45;91.75027468
19.09.2020 03:45;92.9974074
19.09.2020 05:45;89.8390067
19.09.2020 07:45;88.9637612
19.09.2020 09:45;89.22082212
19.09.2020 11:45;90.34347089
19.09.2020 13:45;89.43196558
19.09.2020 15:45;89.54856219
19.09.2020 17:45;89.44331871
19.09.2020 19:45;87.7062076
19.09.2020 21:45;87.28692054
19.09.2020 23:45;84.87227984
20.09.2020 01:45;86.01453962
20.09.2020 03:45;84.84268556
20.09.2020 05:45;86.32817855
20.09.2020 07:45;84.13984418
20.09.2020 09:45;85.69954372
20.09.2020 11:45;86.68101078
20.09.2020 13:45;87.81189707
20.09.2020 15:45;87.39780288
20.09.2020 17:45;87.1467293
20.09.2020 19:45;85.45015456
20.09.2020 21:45;84.83503627
20.09.2020 23:45;84.13785607
21.09.2020 01:45;85.87969412
21.09.2020 03:45;87.50763865
21.09.2020 05:45;90.59400505
21.09.2020 07:45;91.95128655
21.09.2020 09:45;92.29639351
21.09.2020 11:45;92.42692063
21.09.2020 13:45;91.93308027
21.09.2020 15:45;90.35049301
21.09.2020 17:45;88.47802449
21.09.2020 19:45;87.46973414
21.09.2020 21:45;89.45154746
21.09.2020 23:45;88.74654471
22.09.2020 01:45;89.89808007
22.09.2020 03:45;89.2613054
22.09.2020 05:45;88.28278458
22.09.2020 07:45;86.14228181
22.09.2020 09:45;86.39160652
22.09.2020 11:45;88.15809802
22.09.2020 13:45;87.35570868
22.09.2020 15:45;90.65418551
22.09.2020 17:45;89.97758455
22.09.2020 19:45;88.56617929
22.09.2020 21:45;89.04139194
22.09.2020 23:45;87.29812846
23.09.2020 01:45;86.30877871
23.09.2020 03:45;88.17321703
23.09.2020 05:45;89.24885596
23.09.2020 07:45;89.48327578
23.09.2020 09:45;88.96489982
23.09.2020 11:45;88.02449085
23.09.2020 13:45;89.23309405
23.09.2020 15:45;87.56806717
23.09.2020 17:45;87.17626392
23.09.2020 19:45;86.16402534
23.09.2020 21:45;85.75105967
23.09.2020 23:45;87.74673203
24.09.2020 01:45;87.80719678
24.09.2020 03:45;91.20002985
24.09.2020 05:45;89.37495278
24.09.2020 07:45;88.85601463
24.09.2020 09:45;89.88927659
24.09.2020 11:45;88.5512218
24.09.2020 13:45;89.28348315
24.09.2020 15:45;90.11018503
24.09.2020 17:45;89.19688353
24.09.2020 19:45;87.70504663
24.09.2020 21:45;85.73280895
24.09.2020 23:45;88.63016454
25.09.2020 01:45;86.58147926
25.09.2020 03:45;87.77275907
25.09.2020 05:45;90.84788284
25.09.2020 07:45;93.62140432
25.09.2020 09:45;92.71946677
25.09.2020 11:45;91.05207959
25.09.2020 13:45;94.42147134
25.09.2020 15:45;93.11467912
25.09.2020 17:45;88.68141173
25.09.2020 19:45;87.36196953
25.09.2020 21:45;86.7313707
25.09.2020 23:45;88.28629962
26.09.2020 01:45;89.06170968
26.09.2020 03:45;87.77620986
26.09.2020 05:45;88.06425626
26.09.2020 07:45;88.89057333
26.09.2020 09:45;86.70913126
26.09.2020 11:45;88.23978029
26.09.2020 13:45;88.59824828
26.09.2020 15:45;92.99807958
26.09.2020 17:45;94.39210652
26.09.2020 19:45;92.39919883
26.09.2020 21:45;89.87034007
26.09.2020 23:45;87.62224494
27.09.2020 01:45;89.87877066
27.09.2020 03:45;89.33771287
27.09.2020 05:45;86.16918061
27.09.2020 07:45;86.58248789
27.09.2020 09:45;88.08482513
27.09.2020 11:45;89.50975624
27.09.2020 13:45;89.05503319
27.09.2020 15:45;87.12547713
27.09.2020 17:45;85.12337146
27.09.2020 19:45;86.46623021
27.09.2020 21:45;87.86042038
27.09.2020 23:45;85.83783172
28.09.2020 01:45;85.77638922
28.09.2020 03:45;88.80511902
28.09.2020 05:45;90.46695497
28.09.2020 07:45;90.10886708
28.09.2020 09:45;86.83080633
28.09.2020 11:45;87.47911031
28.09.2020 13:45;88.28660325
28.09.2020 15:45;91.98313445
28.09.2020 17:45;90.96185494
28.09.2020 19:45;90.73122315
28.09.2020 21:45;89.5627501
28.09.2020 23:45;89.60691622
29.09.2020 01:45;89.1764472
29.09.2020 03:45;89.88575054
29.09.2020 05:45;88.66466312
29.09.2020 07:45;85.88718114
29.09.2020 09:45;85.50946471
29.09.2020 11:45;84.17875224
29.09.2020 13:45;86.22878177
29.09.2020 15:45;86.20978707
29.09.2020 17:45;88.65054753
29.09.2020 19:45;89.95297701
29.09.2020 21:45;89.88995976
29.09.2020 23:45;88.93527029
30.09.2020 01:45;87.72090789
30.09.2020 03:45;87.60055531
30.09.2020 05:45;88.66660734
30.09.2020 07:45;87.99761504
30.09.2020 09:45;90.79579482
30.09.2020 11:45;91.20871631
30.09.2020 13:45;93.01080726
30.09.2020 15:45;92.70987195
30.09.2020 17:45;90.90045205
30.09.2020 19:45;90.26981511
30.09.2020 21:45;94.36146829
30.09.2020 23:45;90.18539172
01.10.2020 01:45;94.30052968
01.10.2020 03:45;96.86218195
01.10.2020 05:45;93.92834639
01.10.2020 07:45;89.00293867
01.10.2020 09:45;89.67741648
01.10.2020 11:45;88.8869509
01.10.2020 13:45;92.35840524
01.10.2020 15:45;91.09030133
01.10.2020 17:45;93.78268917
01.10.2020 19:45;91.9144832
01.10.2020 21:45;88.23180934
01.10.2020 23:45;86.27242829
02.10.2020 01:45;85.7415623
02.10.2020 03:45;84.35542014
02.10.2020 05:45;85.32834281
02.10.2020 07:45;87.72386156
02.10.2020 09:45;88.83263558
02.10.2020 11:45;89.79258359
02.10.2020 13:45;87.93595015
02.10.2020 15:45;86.83484338
02.10.2020 17:45;86.53134938
02.10.2020 19:45;85.84189719
02.10.2020 21:45;89.67933714
02.10.2020 23:45;86.53609505
03.10.2020 01:45;88.59506424
03.10.2020 03:45;88.82292435
03.10.2020 05:45;87.11792087
03.10.2020 07:45;88.58276519
03.10.2020 09:45;86.98427814
03.10.2020 11:45;86.73077369
03.10.2020 13:45;86.3558202
03.10.2020 15:45;86.320571
03.10.2020 17:45;84.86595222
03.10.2020 19:45;85.92680226
03.10.2020 21:45;86.66041679
03.10.2020 23:45;88.50847259
04.10.2020 01:45;87.20372519
04.10.2020 03:45;90.16801216
04.10.2020 05:45;88.60851776
04.10.2020 07:45;88.68593892
04.10.2020 09:45;88.50773099
04.10.2020 11:45;88.34649528
04.10.2020 13:45;89.71016541
04.10.2020 15:45;89.97144735
04.10.2020 17:45;88.42860547
04.10.2020 19:45;89.99937875
04.10.2020 21:45;91.52534176
04.10.2020 23:45;93.17972712
05.10.2020 01:45;91.52022438
05.10.2020 03:45;91.96025122
05.10.2020 05:45;90.0051461
05.10.2020 07:45;86.77493213
05.10.2020 09:45;85.56152382
05.10.2020 11:45;87.3272986
05.10.2020 13:45;88.27135907
05.10.2020 15:45;89.80019751
05.10.2020 17:45;87.33230956
05.10.2020 19:45;88.43660478
05.10.2020 21:45;87.25483436
05.10.2020 23:45;86.91849319
06.10.2020 01:45;87.18348505
06.10.2020 03:45;88.44155826
06.10.2020 05:45;85.69892879
06.10.2020 07:45;89.96385816
06.10.2020 09:45;89.40866049
06.10.2020 11:45;89.89076824
06.10.2020 13:45;89.10907739
06.10.2020 15:45;88.71824058
06.10.2020 17:45;89.15396035
06.10.2020 19:45;89.82079851
06.10.2020 21:45;89.59702776
06.10.2020 23:45;88.37709547
07.10.2020 01:45;86.22139516
07.10.2020 03:45;85.59804198
07.10.2020 05:45;88.3840087
07.10.2020 07:45;89.5858434
07.10.2020 09:45;88.91292642
07.10.2020 11:45;90.14934919
07.10.2020 13:45;91.57093353
07.10.2020 15:45;88.50422182
07.10.2020 17:45;87.32031894
07.10.2020 19:45;87.284437
07.10.2020 21:45;88.23609075
07.10.2020 23:45;87.79466084
08.10.2020 01:45;89.75539385
08.10.2020 03:45;88.01992227
08.10.2020 05:45;88.2910692
08.10.2020 07:45;88.91732174
08.10.2020 09:45;88.58625791
08.10.2020 11:45;91.86472743
08.10.2020 13:45;92.3750625
08.10.2020 15:45;90.67619594
08.10.2020 17:45;92.04934579
08.10.2020 19:45;92.08146496
08.10.2020 21:45;90.74538078
08.10.2020 23:45;90.09082968
09.10.2020 01:45;91.3040792
09.10.2020 03:45;90.18552186
09.10.2020 05:45;88.23744399
09.10.2020 07:45;87.0717876
09.10.2020 09:45;89.05710682
09.10.2020 11:45;87.91257614
09.10.2020 13:45;90.77642698
09.10.2020 15:45;89.81650985
09.10.2020 17:45;90.6281256
09.10.2020 19:45;91.89599098
09.10.2020 21:45;90.78205949
09.10.2020 23:45;89.701116
10.10.2020 01:45;88.66784212
10.10.2020 03:45;87.83384995
10.10.2020 05:45;88.9663152
10.10.2020 07:45;90.42786102
10.10.2020 09:45;89.98621576
10.10.2020 11:45;90.33942977
10.10.2020 13:45;87.75846327
10.10.2020 15:45;89.11062014
10.10.2020 17:45;90.16476989
10.10.2020 19:45;89.27303191
10.10.2020 21:45;88.69236472
10.10.2020 23:45;91.16573993
11.10.2020 01:45;88.05599266
11.10.2020 03:45;89.57791265
11.10.2020 05:45;88.2295068
11.10.2020 07:45;87.33877096
11.10.2020 09:45;87.00508672
11.10.2020 11:45;88.17229807
11.10.2020 13:45;87.82011022
11.10.2020 15:45;86.24604228
11.10.2020 17:45;87.3828454
11.10.2020 19:45;90.0257525
11.10.2020 21:45;90.90007906
11.10.2020 23:45;91.09734593
12.10.2020 01:45;90.30554859
12.10.2020 03:45;87.59173601
12.10.2020 05:45;90.56943895
12.10.2020 07:45;91.46857723
12.10.2020 09:45;90.99771722
12.10.2020 11:45;91.76157251
12.10.2020 13:45;94.38328551
12.10.2020 15:45;91.52622476
12.10.2020 17:45;90.92997419
12.10.2020 19:45;89.42028876
12.10.2020 21:45;87.57903298
12.10.2020 23:45;88.98437477
13.10.2020 01:45;91.38626366
13.10.2020 03:45;90.58219149
13.10.2020 05:45;92.89110986
13.10.2020 07:45;91.99370604
13.10.2020 09:45;90.14148759
13.10.2020 11:45;90.66688008
13.10.2020 13:45;87.37281896
13.10.2020 15:45;89.34537832
13.10.2020 17:45;92.70777043
13.10.2020 19:45;92.08645767
13.10.2020 21:45;91.83612915
13.10.2020 23:45;94.47608428
14.10.2020 01:45;91.74327015
14.10.2020 03:45;93.63423044
14.10.2020 05:45;93.52197401
14.10.2020 07:45;90.17383835
14.10.2020 09:45;89.83204288
14.10.2020 11:45;88.21791078
14.10.2020 13:45;89.83256282
14.10.2020 15:45;92.59602975
14.10.2020 17:45;90.73166122
14.10.2020 19:45;89.21296734
14.10.2020 21:45;91.05679208
14.10.2020 23:45;91.37077551
15.10.2020 01:45;92.88146218
15.10.2020 03:45;91.75308804
15.10.2020 05:45;90.93005903
15.10.2020 07:45;88.53199717
15.10.2020 09:45;90.17957223
15.10.2020 11:45;92.59300795
15.10.2020 13:45;91.80699424
15.10.2020 15:45;89.43342748
15.10.2020 17:45;89.75972449
15.10.2020 19:45;90.28198759
15.10.2020 21:45;86.83886689
15.10.2020 23:45;89.03333357
16.10.2020 01:45;91.30964681
16.10.2020 03:45;90.92410374
16.10.2020 05:45;87.16093659
16.10.2020 07:45;87.02669014
16.10.2020 09:45;87.16618421
16.10.2020 11:45;87.21659843
16.10.2020 13:45;88.45461205
16.10.2020 15:45;88.46690438
16.10.2020 17:45;93.64126971
16.10.2020 19:45;92.40937946
16.10.2020 21:45;91.6779589
16.10.2020 23:45;88.48264975
17.10.2020 01:45;92.60544016
17.10.2020 03:45;91.00639708
17.10.2020 05:45;93.27316272
17.10.2020 07:45;92.537773
17.10.2020 09:45;93.75367478
17.10.2020 11:45;89.66220205
17.10.2020 13:45;89.62863601
17.10.2020 15:45;90.9622651
17.10.2020 17:45;89.37826976
17.10.2020 19:45;90.17016616
17.10.2020 21:45;89.54994812
17.10.2020 23:45;90.42160426
18.10.2020 01:45;89.07042512
18.10.2020 03:45;89.82117279
18.10.2020 05:45;90.93591627
18.10.2020 07:45;89.57450657
18.10.2020 09:45;90.6324181
18.10.2020 11:45;86.38962957
18.10.2020 13:45;90.84198116
18.10.2020 15:45;90.37151329
18.10.2020 17:45;89.84689153
18.10.2020 19:45;90.26327298
18.10.2020 21:45;88.22665691
18.10.2020 23:45;88.89471333
19.10.2020 01:45;88.73595073
19.10.2020 03:45;87.40559337
19.10.2020 05:45;88.74853114
19.10.2020 07:45;87.34817589
19.10.2020 09:45;90.76079109
19.10.2020 11:45;89.88441772
19.10.2020 13:45;89.6244459
19.10.2020 15:45;91.04889676
19.10.2020 17:45;89.81253601
19.10.2020 19:45;88.60006944
19.10.2020 21:45;90.16439493
19.10.2020 23:45;87.82891446
20.10.2020 01:45;92.98549851
20.10.2020 03:45;93.34621028
20.10.2020 05:45;90.08906696
20.10.2020 07:45;89.35537778
20.10.2020 09:45;89.21547694
20.10.2020 11:45;87.40184835
20.10.2020 13:45;86.69763536
20.10.2020 15:45;89.14988783
20.10.2020 17:45;92.37061093
20.10.2020 19:45;89.91110753
20.10.2020 21:45;90.52317111
20.10.2020 23:45;94.03892671
21.10.2020 01:45;92.77593073
21.10.2020 03:45;92.2686171
21.10.2020 05:45;91.07809504
21.10.2020 07:45;90.25241248
21.10.2020 09:45;89.90071993
21.10.2020 11:45;89.26953867
21.10.2020 13:45;86.80856153
21.10.2020 15:45;87.03187187
21.10.2020 17:45;88.20051371
21.10.2020 19:45;91.48745731
21.10.2020 21:45;91.23565999
21.10.2020 23:45;90.56505112
22.10.2020 01:45;90.75045915
22.10.2020 03:45;88.50711523
22.10.2020 05:45;88.22866471
22.10.2020 07:45;89.91227214
22.10.2020 09:45;89.09731327
22.10.2020 11:45;88.63418479
22.10.2020 13:45;86.47571455
22.10.2020 15:45;87.61954007
22.10.2020 17:45;89.61455667
22.10.2020 19:45;89.49518662
22.10.2020 21:45;90.76186318
22.10.2020 23:45;91.96912075
23.10.2020 01:45;90.63992242
23.10.2020 03:45;89.24320231
23.10.2020 05:45;90.20186383
23.10.2020 07:45;89.55169066
23.10.2020 09:45;87.92438349
23.10.2020 11:45;87.97293839
23.10.2020 13:45;85.99726266
23.10.2020 15:45;85.46074691
23.10.2020 17:45;86.11024388
23.10.2020 19:45;88.30535051
23.10.2020 21:45;89.20651073
23.10.2020 23:45;90.25503908
24.10.2020 01:45;87.00561939
24.10.2020 03:45;87.65520686
24.10.2020 05:45;87.16367072
24.10.2020 07:45;88.24563716
24.10.2020 09:45;92.72239956
24.10.2020 11:45;90.03286637
24.10.2020 13:45;91.10121375
24.10.2020 15:45;90.44433002
24.10.2020 17:45;88.43608496
24.10.2020 19:45;89.40011806
24.10.2020 21:45;88.90907534
24.10.2020 23:45;89.15749114
25.10.2020 01:45;90.92662593
25.10.2020 03:45;91.4786979
25.10.2020 05:45;87.54582979
25.10.2020 07:45;88.17629286
25.10.2020 09:45;89.70562024
25.10.2020 11:45;87.18830819
25.10.2020 13:45;87.72488593
25.10.2020 15:45;89.18625687
25.10.2020 17:45;88.67044178
25.10.2020 19:45;91.93910162
25.10.2020 21:45;90.71688749
25.10.2020 23:45;89.57617895
26.10.2020 01:45;88.40123266
26.10.2020 03:45;87.9975652
26.10.2020 05:45;88.55882699
26.10.2020 07:45;86.72811709
26.10.2020 09:45;87.80135671
26.10.2020 11:45;89.11558841
26.10.2020 13:45;83.33938873
26.10.2020 15:45;86.07329815
26.10.2020 17:45;88.48619071
26.10.2020 19:45;88.05014766
26.10.2020 21:45;88.3024673
26.10.2020 23:45;91.15730059
27.10.2020 01:45;89.9938558
27.10.2020 03:45;88.15276596
27.10.2020 05:45;87.75359226
27.10.2020 07:45;85.95132708
27.10.2020 09:45;85.81151989
27.10.2020 11:45;86.94936353
27.10.2020 13:45;86.27691979
27.10.2020 15:45;85.68330213
27.10.2020 17:45;86.12300802
27.10.2020 19:45;85.68971516
27.10.2020 21:45;88.49063666
27.10.2020 23:45;93.06793969
28.10.2020 01:45;94.31636
28.10.2020 03:45;95.37889813
28.10.2020 05:45;91.12109968
28.10.2020 07:45;93.13570537
28.10.2020 09:45;91.64130046
28.10.2020 11:45;92.23052246
28.10.2020 13:45;89.63163826
28.10.2020 15:45;89.53081679
28.10.2020 17:45;88.5259691
28.10.2020 19:45;88.70797031
28.10.2020 21:45;86.54697222
28.10.2020 23:45;88.04795467
29.10.2020 01:45;88.24543234
29.10.2020 03:45;87.55445379
29.10.2020 05:45;89.26291119
29.10.2020 07:45;89.63233547
29.10.2020 09:45;88.79746941
29.10.2020 11:45;92.33572944
29.10.2020 13:45;94.46235829
29.10.2020 15:45;92.35714426
29.10.2020 17:45;90.57911119
29.10.2020 19:45;88.22626903
29.10.2020 21:45;90.63428904
29.10.2020 23:45;88.56633489
30.10.2020 01:45;90.42108629
30.10.2020 03:45;91.89786864
30.10.2020 05:45;90.63406909
30.10.2020 07:45;89.05215968
30.10.2020 09:45;91.89527899
30.10.2020 11:45;87.99276704
30.10.2020 13:45;90.1225684
30.10.2020 15:45;88.92705491
30.10.2020 17:45;86.75973823
30.10.2020 19:45;84.07777855
30.10.2020 21:45;88.70089737
30.10.2020 23:45;88.13668072
31.10.2020 01:45;88.36237983
31.10.2020 03:45;87.44949309
31.10.2020 05:45;90.34776109
31.10.2020 07:45;90.54521437
31.10.2020 09:45;86.97213991
31.10.2020 11:45;88.84940839
31.10.2020 13:45;87.81552329
31.10.2020 15:45;90.08529347
31.10.2020 17:45;91.52577949
31.10.2020 19:45;89.4295403
31.10.2020 21:45;88.39362866
31.10.2020 23:45;88.83036457
01.11.2020 01:45;93.19323382
01.11.2020 03:45;93.04814804
01.11.2020 05:45;91.95058444
01.11.2020 07:45;92.06250819
01.11.2020 09:45;89.51993963
01.11.2020 11:45;88.77330633
01.11.2020 13:45;91.46663082
01.11.2020 15:45;92.84750563
01.11.2020 17:45;91.61138321
01.11.2020 19:45;89.1307727
01.11.2020 21:45;94.35065598
01.11.2020 23:45;93.52255494
02.11.2020 01:45;90.15590003
02.11.2020 03:45;91.06064195
02.11.2020 05:45;91.5092831
02.11.2020 07:45;88.94190242
02.11.2020 09:45;89.07910776
02.11.2020 11:45;86.52358941
02.11.2020 13:45;83.91403174
02.11.2020 15:45;85.65739562
02.11.2020 17:45;89.4095954
02.11.2020 19:45;91.58422597
02.11.2020 21:45;89.63861433
02.11.2020 23:45;89.2350055
03.11.2020 01:45;90.11716506
03.11.2020 03:45;88.44155463
03.11.2020 05:45;90.41839188
03.11.2020 07:45;92.95054547
03.11.2020 09:45;91.90158408
03.11.2020 11:45;92.12571813
03.11.2020 13:45;91.98592906
03.11.2020 15:45;91.1043828
03.11.2020 17:45;90.40398526
03.11.2020 19:45;88.80332586
03.11.2020 21:45;89.89149537
03.11.2020 23:45;88.23106135
04.11.2020 01:45;89.85444541
04.11.2020 03:45;89.19518695
04.11.2020 05:45;91.71207013
04.11.2020 07:45;89.93910627
04.11.2020 09:45;89.86936953
04.11.2020 11:45;86.4102946
04.11.2020 13:45;88.06801969
04.11.2020 15:45;90.33468275
04.11.2020 17:45;89.21965818
04.11.2020 19:45;90.76279844
04.11.2020 21:45;89.4174162
04.11.2020 23:45;87.78072865
05.11.2020 01:45;89.42490878
05.11.2020 03:45;89.78915404
05.11.2020 05:45;87.44193355
05.11.2020 07:45;88.33739906
05.11.2020 09:45;88.41359133
05.11.2020 11:45;86.3297868
05.11.2020 13:45;87.56339846
05.11.2020 15:45;86.60130873
05.11.2020 17:45;85.21175725
05.11.2020 19:45;84.57248546
05.11.2020 21:45;87.50458404
05.11.2020 23:45;89.94386115
06.11.2020 01:45;88.97517334
06.11.2020 03:45;90.62527986
06.11.2020 05:45;91.9462484
06.11.2020 07:45;90.58918907
06.11.2020 09:45;91.01657643
06.11.2020 11:45;90.71467636
06.11.2020 13:45;89.40269038
06.11.2020 15:45;86.14507147
06.11.2020 17:45;88.68860055
06.11.2020 19:45;88.53262249
06.11.2020 21:45;89.45648115
06.11.2020 23:45;87.60165783
07.11.2020 01:45;91.20090814
07.11.2020 03:45;92.22771872
07.11.2020 05:45;88.27364722
07.11.2020 07:45;85.94429185
07.11.2020 09:45;89.89180549
07.11.2020 11:45;88.9109545
07.11.2020 13:45;90.70820624
07.11.2020 15:45;88.68154883
07.11.2020 17:45;87.88866972
07.11.2020 19:45;86.74344713
07.11.2020 21:45;88.84048601
07.11.2020 23:45;87.14796145
08.11.2020 01:45;86.07856951
08.11.2020 03:45;88.56741866
08.11.2020 05:45;90.18803745
08.11.2020 07:45;92.1960808
08.11.2020 09:45;89.17765775
08.11.2020 11:45;87.40159936
08.11.2020 13:45;86.95577758
08.11.2020 15:45;86.31782566
08.11.2020 17:45;88.64841676
08.11.2020 19:45;86.55342376
08.11.2020 21:45;87.53886724
08.11.2020 23:45;89.41375135
09.11.2020 01:45;90.0085099
09.11.2020 03:45;90.21699046
09.11.2020 05:45;89.4414009
09.11.2020 07:45;88.82346101
09.11.2020 09:45;91.61727489
09.11.2020 11:45;92.40580293
09.11.2020 13:45;90.2164039
09.11.2020 15:45;91.74050878
09.11.2020 17:45;91.57698732
09.11.2020 19:45;91.372366
09.11.2020 21:45;93.45144392
09.11.2020 23:45;88.81855345
10.11.2020 01:45;89.08162797
10.11.2020 03:45;90.7384494
10.11.2020 05:45;89.67598307
10.11.2020 07:45;91.31042381
10.11.2020 09:45;93.13991826
10.11.2020 11:45;89.91935497
10.11.2020 13:45;92.6691833
10.11.2020 15:45;94.34561061
10.11.2020 17:45;91.14600663
10.11.2020 19:45;88.38808807
10.11.2020 21:45;88.42031016
10.11.2020 23:45;88.2903875
11.11.2020 01:45;88.60560438
11.11.2020 03:45;89.35650639
11.11.2020 05:45;92.36190031
11.11.2020 07:45;91.18722706
11.11.2020 09:45;92.20372952
11.11.2020 11:45;91.34680448
11.11.2020 13:45;90.81515522
11.11.2020 15:45;90.29412853
11.11.2020 17:45;90.422042
11.11.2020 19:45;88.68488441
11.11.2020 21:45;88.40376202
11.11.2020 23:45;88.18611287
12.11.2020 01:45;88.11579268
12.11.2020 03:45;91.85195865
12.11.2020 05:45;86.53786225
12.11.2020 07:45;88.22455605
12.11.2020 09:45;88.15410146
12.11.2020 11:45;85.28995938
12.11.2020 13:45;89.03253304
12.11.2020 15:45;87.96212828
12.11.2020 17:45;88.42550534
12.11.2020 19:45;84.93144425
12.11.2020 21:45;84.4292258
12.11.2020 23:45;85.73390789
13.11.2020 01:45;86.96150707
13.11.2020 03:45;89.08225578
13.11.2020 05:45;87.70006312
13.11.2020 07:45;87.68679198
13.11.2020 09:45;87.93246276
13.11.2020 11:45;88.85151037
13.11.2020 13:45;90.13982373
13.11.2020 15:45;90.52474174
13.11.2020 17:45;90.52646858
13.11.2020 19:45;88.53984166
13.11.2020 21:45;88.65457146
13.11.2020 23:45;90.21370912
14.11.2020 01:45;91.37885981
14.11.2020 03:45;91.26784305
14.11.2020 05:45;90.03629354
14.11.2020 07:45;89.31086527
14.11.2020 09:45;89.30640827
14.11.2020 11:45;87.46152821
14.11.2020 13:45;89.29666901
14.11.2020 15:45;86.56674988
14.11.2020 17:45;84.93642969
14.11.2020 19:45;85.91563144
14.11.2020 21:45;86.67956573
14.11.2020 23:45;83.88383145
15.11.2020 01:45;85.48370366
15.11.2020 03:45;88.53577785
15.11.2020 05:45;87.44410752
15.11.2020 07:45;90.49836906
15.11.2020 09:45;91.94858726
15.11.2020 11:45;95.46540773
15.11.2020 13:45;93.87164834
15.11.2020 15:45;92.44388031
15.11.2020 17:45;88.10000419
15.11.2020 19:45;87.03759106
15.11.2020 21:45;87.76235259
15.11.2020 23:45;90.21097929
16.11.2020 01:45;87.96652617
16.11.2020 03:45;88.29805182
16.11.2020 05:45;89.61085153
16.11.2020 07:45;86.51559459
16.11.2020 09:45;88.61087189
16.11.2020 11:45;89.70928219
16.11.2020 13:45;92.45972339
16.11.2020 15:45;90.3671335
16.11.2020 17:45;94.11201097
16.11.2020 19:45;93.12998703
16.11.2020 21:45;88.31213381
16.11.2020 23:45;88.7903087
17.11.2020 01:45;87.86042583
17.11.2020 03:45;89.28256943
17.11.2020 05:45;88.95255934
17.11.2020 07:45;88.51495228
17.11.2020 09:45;88.93600674
17.11.2020 11:45;89.14259982
17.11.2020 13:45;88.32073205
17.11.2020 15:45;90.02960464
17.11.2020 17:45;85.78124984
17.11.2020 19:45;89.12619214
17.11.2020 21:45;83.8685038
17.11.2020 23:45;87.67750174
18.11.2020 01:45;88.06417114
18.11.2020 03:45;91.12902027
18.11.2020 05:45;91.00780809
18.11.2020 07:45;93.95623224
18.11.2020 09:45;93.1895028
18.11.2020 11:45;88.82738714
18.11.2020 13:45;88.23928865
18.11.2020 15:45;89.52144656
18.11.2020 17:45;91.1002645
18.11.2020 19:45;89.13009652
18.11.2020 21:45;91.70577304
18.11.2020 23:45;88.04739166
19.11.2020 01:45;86.09076681
19.11.2020 03:45;88.05853433
19.11.2020 05:45;87.68125797
19.11.2020 07:45;88.51265976
19.11.2020 09:45;87.607655
19.11.2020 11:45;88.81055256
19.11.2020 13:45;87.90628134
19.11.2020 15:45;89.07858628
19.11.2020 17:45;92.69473133
19.11.2020 19:45;93.70335158
19.11.2020 21:45;91.88217732
19.11.2020 23:45;89.86048718
20.11.2020 01:45;89.89372703
20.11.2020 03:45;89.44156686
20.11.2020 05:45;90.6866745
20.11.2020 07:45;91.02376842
20.11.2020 09:45;92.85020251
20.11.2020 11:45;93.42668732
20.11.2020 13:45;92.65472345
20.11.2020 15:45;88.77810348
20.11.2020 17:45;85.53694097
20.11.2020 19:45;85.99272908
20.11.2020 21:45;85.73976074
20.11.2020 23:45;86.75004007
21.11.2020 01:45;84.58732316
21.11.2020 03:45;84.55138633
21.11.2020 05:45;85.10068425
21.11.2020 07:45;82.37495122
21.11.2020 09:45;82.79125882
21.11.2020 11:45;82.10776475
21.11.2020 13:45;81.79639073
21.11.2020 15:45;85.62415263
21.11.2020 17:45;82.59154256
21.11.2020 19:45;85.07649394
21.11.2020 21:45;86.70856849
21.11.2020 23:45;87.2089354
22.11.2020 01:45;87.75990086
22.11.2020 03:45;91.29782906
22.11.2020 05:45;92.19753406
22.11.2020 07:45;91.02544899
22.11.2020 09:45;93.88368271
22.11.2020 11:45;90.60527973
22.11.2020 13:45;88.56044369
22.11.2020 15:45;88.0673014
22.11.2020 17:45;89.3437702
22.11.2020 19:45;91.01770112
22.11.2020 21:45;89.19964917
22.11.2020 23:45;88.43452448
23.11.2020 01:45;89.06726844
23.11.2020 03:45;88.67292579
23.11.2020 05:45;85.78675904
23.11.2020 07:45;86.12939828
23.11.2020 09:45;83.67134469
23.11.2020 11:45;85.31804195
23.11.2020 13:45;87.20963136
23.11.2020 15:45;90.19312413
23.11.2020 17:45;88.78041854
23.11.2020 19:45;90.07295726
23.11.2020 21:45;91.25550945
23.11.2020 23:45;93.31519539
24.11.2020 01:45;91.32220754
24.11.2020 03:45;89.83739394
24.11.2020 05:45;90.37920869
24.11.2020 07:45;88.72811801
24.11.2020 09:45;87.15879756
24.11.2020 11:45;87.75506429
24.11.2020 13:45;89.05713488
24.11.2020 15:45;90.53040027
24.11.2020 17:45;92.41551797
24.11.2020 19:45;90.61167157
24.11.2020 21:45;89.3610615
24.11.2020 23:45;89.54501613
25.11.2020 01:45;94.07407255
25.11.2020 03:45;90.07563537
25.11.2020 05:45;91.1165315
25.11.2020 07:45;89.77988006
25.11.2020 09:45;89.82777456
25.11.2020 11:45;90.59488519
25.11.2020 13:45;87.87893127
25.11.2020 15:45;86.38315827
25.11.2020 17:45;87.26896141
25.11.2020 19:45;86.81901888
25.11.2020 21:45;85.17248895
25.11.2020 23:45;85.02843304
26.11.2020 01:45;87.52269301
26.11.2020 03:45;86.99654951
26.11.2020 05:45;91.34379898
26.11.2020 07:45;93.36184077
26.11.2020 09:45;92.24128174
26.11.2020 11:45;91.52011639
26.11.2020 13:45;89.1404633
26.11.2020 15:45;91.40696723
26.11.2020 17:45;90.33434642
26.11.2020 19:45;90.24733959
26.11.2020 21:45;91.1068535
26.11.2020 23:45;90.03937371
27.11.2020 01:45;90.05422195
27.11.2020 03:45;90.92467993
27.11.2020 05:45;92.08257857
27.11.2020 07:45;94.6274789
27.11.2020 09:45;91.70481452
27.11.2020 11:45;93.4079697
27.11.2020 13:45;94.73233948
27.11.2020 15:45;90.84547449
27.11.2020 17:45;91.92057042
27.11.2020 19:45;91.0396031
27.11.2020 21:45;90.10713132
27.11.2020 23:45;92.51277444
28.11.2020 01:45;94.37173489
28.11.2020 03:45;93.58498999
28.11.2020 05:45;94.39150627
28.11.2020 07:45;94.71310109
28.11.2020 09:45;92.32496547
28.11.2020 11:45;89.08248041
28.11.2020 13:45;91.41682605
28.11.2020 15:45;93.34578218
28.11.2020 17:45;92.38838025
28.11.2020 19:45;91.34732407
28.11.2020 21:45;91.80559012
28.11.2020 23:45;87.61011455
29.11.2020 01:45;89.84039193
29.11.2020 03:45;88.90197094
29.11.2020 05:45;88.45415179
29.11.2020 07:45;88.48492175
29.11.2020 09:45;86.47149292
29.11.2020 11:45;88.23044289
29.11.2020 13:45;86.84784885
29.11.2020 15:45;89.52851414
29.11.2020 17:45;89.24361287
29.11.2020 19:45;87.22121607
29.11.2020 21:45;88.30688402
29.11.2020 23:45;88.44212891
30.11.2020 01:45;90.2556192
30.11.2020 03:45;91.29006499
30.11.2020 05:45;90.73498314
30.11.2020 07:45;91.662654
30.11.2020 09:45;89.68672342
30.11.2020 11:45;85.87437287
30.11.2020 13:45;86.39204314
30.11.2020 15:45;86.44436926
30.11.2020 17:45;88.5212728
30.11.2020 19:45;90.4828963
30.11.2020 21:45;89.77570221
30.11.2020 23:45;89.8442918
01.12.2020 01:45;89.71304242
01.12.2020 03:45;90.52465964
01.12.2020 05:45;90.3557091
01.12.2020 07:45;89.59234055
01.12.2020 09:45;87.67625764
01.12.2020 11:45;90.12378156
01.12.2020 13:45;88.85151342
01.12.2020 15:45;88.56012203
01.12.2020 17:45;91.16450045
01.12.2020 19:45;88.7018106
01.12.2020 21:45;89.95634378
01.12.2020 23:45;89.26338472
02.12.2020 01:45;89.75730604
02.12.2020 03:45;89.15408289
02.12.2020 05:45;89.17222139
02.12.2020 07:45;89.16847705
02.12.2020 09:45;86.92884069
02.12.2020 11:45;87.3656977
02.12.2020 13:45;88.00222389
02.12.2020 15:45;89.04268134
02.12.2020 17:45;90.00387492
02.12.2020 19:45;90.33094795
02.12.2020 21:45;92.51911991
02.12.2020 23:45;91.33129997
03.12.2020 01:45;91.8485797
03.12.2020 03:45;91.68209293
03.12.2020 05:45;89.02214499
03.12.2020 07:45;91.48061687
03.12.2020 09:45;90.31824996
03.12.2020 11:45;92.31872823
03.12.2020 13:45;90.4697666
03.12.2020 15:45;91.48957411
03.12.2020 17:45;91.93149254
03.12.2020 19:45;90.7535517
03.12.2020 21:45;90.06795439
03.12.2020 23:45;92.69259698
04.12.2020 01:45;90.66507744
04.12.2020 03:45;90.3108607
04.12.2020 05:45;90.40705455
04.12.2020 07:45;92.2836234
04.12.2020 09:45;88.74078406
04.12.2020 11:45;88.89162391
04.12.2020 13:45;88.16444499
04.12.2020 15:45;89.91484416
04.12.2020 17:45;89.05507196
04.12.2020 19:45;87.27391102
04.12.2020 21:45;89.12641565
04.12.2020 23:45;88.24431383
05.12.2020 01:45;90.10066009
05.12.2020 03:45;89.15501217
05.12.2020 05:45;88.06237864
05.12.2020 07:45;88.01084568
05.12.2020 09:45;87.55937003
05.12.2020 11:45;88.42750899
05.12.2020 13:45;91.24942302
05.12.2020 15:45;89.3936517
05.12.2020 17:45;90.3546349
05.12.2020 19:45;89.63766501
05.12.2020 21:45;89.37425428
05.12.2020 23:45;89.75945984
06.12.2020 01:45;93.52135925
06.12.2020 03:45;89.36600246
06.12.2020 05:45;88.89444243
06.12.2020 07:45;90.07596866
06.12.2020 09:45;86.46218777
06.12.2020 11:45;89.78341884
06.12.2020 13:45;89.88309925
06.12.2020 15:45;86.78723157
06.12.2020 17:45;88.71285384
06.12.2020 19:45;87.27564253
06.12.2020 21:45;89.78736273
06.12.2020 23:45;92.4155743
07.12.2020 01:45;92.28502864
07.12.2020 03:45;90.08710981
07.12.2020 05:45;88.84241718
07.12.2020 07:45;88.05303609
07.12.2020 09:45;87.75228604
07.12.2020 11:45;88.16902175
07.12.2020 13:45;89.61656964
07.12.2020 15:45;89.66087747
07.12.2020 17:45;89.50929876
07.12.2020 19:45;88.04988625
07.12.2020 21:45;90.74561485
07.12.2020 23:45;90.87829599
08.12.2020 01:45;89.39565682
08.12.2020 03:45;87.62938766
08.12.2020 05:45;87.47616215
08.12.2020 07:45;85.616428
08.12.2020 09:45;89.39121248
08.12.2020 11:45;89.06994064
08.12.2020 13:45;88.75738899
08.12.2020 15:45;90.58427154
08.12.2020 17:45;90.16515329
08.12.2020 19:45;89.36968998
08.12.2020 21:45;86.75486906
08.12.2020 23:45;86.28340421
09.12.2020 01:45;85.42359634
09.12.2020 03:45;87.33593005
09.12.2020 05:45;89.25622636
09.12.2020 07:45;89.7429887
09.12.2020 09:45;90.32806915
09.12.2020 11:45;89.32152305
09.12.2020 13:45;88.62904293
09.12.2020 15:45;92.30913801
09.12.2020 17:45;92.49833001
09.12.2020 19:45;91.30819763
09.12.2020 21:45;87.84616072
09.12.2020 23:45;87.49630144
10.12.2020 01:45;86.38051082
10.12.2020 03:45;86.911026
10.12.2020 05:45;87.06796944
10.12.2020 07:45;86.94775104
10.12.2020 09:45;87.51291083
10.12.2020 11:45;90.04676575
10.12.2020 13:45;90.89231177
10.12.2020 15:45;91.60087267
10.12.2020 17:45;92.07043991
10.12.2020 19:45;91.55143123
10.12.2020 21:45;86.40259159
10.12.2020 23:45;87.39227981
11.12.2020 01:45;85.96290459
11.12.2020 03:45;88.31129553
11.12.2020 05:45;89.70931766
11.12.2020 07:45;92.08257386
11.12.2020 09:45;91.2537336
11.12.2020 11:45;88.34638261
11.12.2020 13:45;88.04345608
11.12.2020 15:45;88.20594477
11.12.2020 17:45;87.04944935
11.12.2020 19:45;88.69061461
11.12.2020 21:45;93.40355512
11.12.2020 23:45;92.44984343
12.12.2020 01:45;88.45616773
12.12.2020 03:45;86.85582462
12.12.2020 05:45;87.13861149
12.12.2020 07:45;92.01079878
12.12.2020 09:45;89.31708997
12.12.2020 11:45;88.07882452
12.12.2020 13:45;86.58073998
12.12.2020 15:45;84.82026414
12.12.2020 17:45;87.30930413
12.12.2020 19:45;86.504245
12.12.2020 21:45;86.75972942
12.12.2020 23:45;86.39252055
13.12.2020 01:45;84.97948538
13.12.2020 03:45;86.35413888
13.12.2020 05:45;90.18953775
13.12.2020 07:45;87.72695935
13.12.2020 09:45;87.39035989
13.12.2020 11:45;90.98120082
13.12.2020 13:45;89.17931455
13.12.2020 15:45;87.650494
13.12.2020 17:45;86.80731809
13.12.2020 19:45;87.5579233
13.12.2020 21:45;86.8857096
13.12.2020 23:45;87.78402786
14.12.2020 01:45;87.3613997
14.12.2020 03:45;89.37790117
14.12.2020 05:45;90.59325817
14.12.2020 07:45;91.3775999
14.12.2020 09:45;91.30852922
14.12.2020 11:45;90.53672736
14.12.2020 13:45;90.8646257
14.12.2020 15:45;92.04712824
14.12.2020 17:45;89.71795869
14.12.2020 19:45;88.71268848
14.12.2020 21:45;88.80160103
14.12.2020 23:45;87.05228753
15.12.2020 01:45;88.48094999
15.12.2020 03:45;86.44597828
15.12.2020 05:45;82.88903309
15.12.2020 07:45;85.80286109
15.12.2020 09:45;86.6989823
15.12.2020 11:45;86.41811042
15.12.2020 13:45;84.97355756
15.12.2020 15:45;87.85716365
15.12.2020 17:45;86.17152802
15.12.2020 19:45;85.64535544
15.12.2020 21:45;83.35089202
15.12.2020 23:45;86.56403393
16.12.2020 01:45;84.24513115
16.12.2020 03:45;87.12130422
16.12.2020 05:45;91.15526694
16.12.2020 07:45;88.05990867
16.12.2020 09:45;92.32257511
16.12.2020 11:45;91.41665297
16.12.2020 13:45;89.51961933
16.12.2020 15:45;87.3139827
16.12.2020 17:45;87.71571898
16.12.2020 19:45;91.44290217
16.12.2020 21:45;90.19320172
16.12.2020 23:45;90.36149572
17.12.2020 01:45;89.11420108
17.12.2020 03:45;89.90925131
17.12.2020 05:45;87.3275771
17.12.2020 07:45;91.18761866
17.12.2020 09:45;91.8338993
17.12.2020 11:45;90.35536154
17.12.2020 13:45;88.41325111
17.12.2020 15:45;90.02917456
17.12.2020 17:45;90.85876028
17.12.2020 19:45;92.20315714
17.12.2020 21:45;92.61105547
17.12.2020 23:45;92.88404087
18.12.2020 01:45;92.42073864
18.12.2020 03:45;89.77423253
18.12.2020 05:45;89.94897766
18.12.2020 07:45;91.07675436
18.12.2020 09:45;87.0569073
18.12.2020 11:45;87.58603302
18.12.2020 13:45;90.85530964
18.12.2020 15:45;89.15254669
18.12.2020 17:45;91.94974848
18.12.2020 19:45;89.42966507
18.12.2020 21:45;88.77469864
18.12.2020 23:45;88.55413466
19.12.2020 01:45;85.57451564
19.12.2020 03:45;83.14192794
19.12.2020 05:45;86.46209812
19.12.2020 07:45;87.88027163
19.12.2020 09:45;89.1305887
19.12.2020 11:45;90.11380357
19.12.2020 13:45;89.76223638
19.12.2020 15:45;89.77458101
19.12.2020 17:45;89.68106912
19.12.2020 19:45;88.78819467
19.12.2020 21:45;88.01153139
19.12.2020 23:45;89.93149914
20.12.2020 01:45;93.67821028
20.12.2020 03:45;91.58128925
20.12.2020 05:45;90.46715647
20.12.2020 07:45;89.2612935
20.12.2020 09:45;91.18090737
20.12.2020 11:45;90.64004578
20.12.2020 13:45;88.3635727
20.12.2020 15:45;87.62508679
20.12.2020 17:45;89.87925189
20.12.2020 19:45;89.27553718
20.12.2020 21:45;87.71162857
20.12.2020 23:45;91.37143089
21.12.2020 01:45;91.57886168
21.12.2020 03:45;87.45831067
21.12.2020 05:45;88.66537279
21.12.2020 07:45;89.10006875
21.12.2020 09:45;90.00017741
21.12.2020 11:45;89.81317317
21.12.2020 13:45;88.60787007
21.12.2020 15:45;89.40525539
21.12.2020 17:45;90.20959076
21.12.2020 19:45;92.83734548
21.12.2020 21:45;91.32095551
21.12.2020 23:45;91.83066078
22.12.2020 01:45;88.22870918
22.12.2020 03:45;87.8185901
22.12.2020 05:45;88.37192939
22.12.2020 07:45;86.99783574
22.12.2020 09:45;86.85040423
22.12.2020 11:45;88.51129997
22.12.2020 13:45;89.21857156
22.12.2020 15:45;88.78559859
22.12.2020 17:45;88.09797318
22.12.2020 19:45;91.2877942
22.12.2020 21:45;90.75496006
22.12.2020 23:45;89.72204956
23.12.2020 01:45;89.32553373
23.12.2020 03:45;87.21082182
23.12.2020 05:45;86.24873078
23.12.2020 07:45;88.51407723
23.12.2020 09:45;87.7429958
23.12.2020 11:45;88.86472036
23.12.2020 13:45;91.24334247
23.12.2020 15:45;92.41868557
23.12.2020 17:45;90.26075646
23.12.2020 19:45;91.05880381
23.12.2020 21:45;91.47467249
23.12.2020 23:45;87.94606191
24.12.2020 01:45;86.8601133
24.12.2020 03:45;86.91589401
24.12.2020 05:45;87.344066
24.12.2020 07:45;89.51956001
24.12.2020 09:45;89.23233571
24.12.2020 11:45;88.57084954
24.12.2020 13:45;86.0229949
24.12.2020 15:45;85.73970058
24.12.2020 17:45;88.82717592
24.12.2020 19:45;89.84033208
24.12.2020 21:45;87.88579019
24.12.2020 23:45;87.1623086
25.12.2020 01:45;88.03555338
25.12.2020 03:45;86.42911707
25.12.2020 05:45;89.31128724
25.12.2020 07:45;91.61052775
25.12.2020 09:45;91.02727317
25.12.2020 11:45;88.11238664
25.12.2020 13:45;88.27642854
25.12.2020 15:45;92.4560404
25.12.2020 17:45;95.20136514
25.12.2020 19:45;91.89070276
25.12.2020 21:45;91.04689936
25.12.2020 23:45;91.20279893
26.12.2020 01:45;90.7261845
26.12.2020 03:45;88.3663961
26.12.2020 05:45;88.39735025
26.12.2020 07:45;87.13514131
26.12.2020 09:45;86.55327655
26.12.2020 11:45;86.17999514
26.12.2020 13:45;88.1826119
26.12.2020 15:45;89.46913164
26.12.2020 17:45;91.26411538
26.12.2020 19:45;90.48642705
26.12.2020 21:45;87.8096216
26.12.2020 23:45;86.04740642
27.12.2020 01:45;86.39386984
27.12.2020 03:45;89.59683478
27.12.2020 05:45;87.27137304
27.12.2020 07:45;90.98132408
27.12.2020 09:45;89.05989832
27.12.2020 11:45;90.78207917
27.12.2020 13:45;87.23077915
27.12.2020 15:45;88.40506481
27.12.2020 17:45;88.32340782
27.12.2020 19:45;91.90858295
27.12.2020 21:45;91.532834
27.12.2020 23:45;91.50631361
28.12.2020 01:45;91.44850396
28.12.2020 03:45;90.67778153
28.12.2020 05:45;89.28526344
28.12.2020 07:45;91.69155145
28.12.2020 09:45;89.96735045
28.12.2020 11:45;89.64092093
28.12.2020 13:45;87.62210972
28.12.2020 15:45;88.75750035
28.12.2020 17:45;86.49129884
28.12.2020 19:45;85.29843756
28.12.2020 21:45;87.98921639
28.12.2020 23:45;89.74713237
29.12.2020 01:45;87.20222866
29.12.2020 03:45;88.31476989
29.12.2020 05:45;88.53825239
29.12.2020 07:45;87.85235082
29.12.2020 09:45;87.33184832
29.12.2020 11:45;86.00739556
29.12.2020 13:45;87.59713255
29.12.2020 15:45;87.78295266
29.12.2020 17:45;89.63683924
29.12.2020 19:45;90.64873443
29.12.2020 21:45;89.51339569
29.12.2020 23:45;87.00044129
30.12.2020 01:45;88.86586134
30.12.2020 03:45;90.54160527
30.12.2020 05:45;88.95089801
30.12.2020 07:45;92.32322432
30.12.2020 09:45;88.87240699
30.12.2020 11:45;93.48959813
30.12.2020 13:45;90.93218658
30.12.2020 15:45;89.20857775
30.12.2020 17:45;90.69262877
30.12.2020 19:45;90.24323682
30.12.2020 21:45;92.27499443
30.12.2020 23:45;92.23739626
31.12.2020 01:45;90.37854572
31.12.2020 03:45;91.80064746
31.12.2020 05:45;88.75395085
31.12.2020 07:45;88.93143142
31.12.2020 09:45;90.91298382
31.12.2020 11:45;89.52463332
31.12.2020 13:45;90.87365058
31.12.2020 15:45;94.24470882
31.12.2020 17:45;91.90251252
31.12.2020 19:45;92.7519948
31.12.2020 21:45;88.56587543
31.12.2020 23:45;88.32452874